startip,endip,country,carrier
0,16777215,IANA,保留地址
16777216,16777471,澳大利亚,CZ88.NET
16777472,16778239,福建省,电信
16778240,16779263,澳大利亚,CZ88.NET
16779264,16781311,广东省,电信
16781312,16785407,日本,Beacon服务器
16785408,16793599,广东省,电信
16793600,16809983,日本,広島県中区大手町Energia通信公司
16809984,16842751,泰国,CZ88.NET
16842752,16843007,福建省,电信
16843008,16843263,澳大利亚,亚太互联网络信息中心
16843264,16844799,福建省,电信
16844800,16859135,广东省,电信
16859136,16875519,日本,东京都新宿区歌舞伎町i2ts公司
16875520,16879359,泰国,穆达汉
16879360,16879871,泰国,CZ88.NET
16879872,16880639,泰国,沙功那空
16880640,16881151,泰国,CZ88.NET
16881152,16881280,泰国,沙功那空
16881281,16881407,泰国,曼谷
16881408,16881663,泰国,CZ88.NET
16881664,16881791,泰国,曼谷
16881792,16881919,泰国,沙功那空
16881920,16882175,泰国,沙功那空廊曼
16882176,16883199,泰国,沙功那空
16883200,16883967,泰国,曼谷
16883968,16884223,泰国,攀孔敬
16884224,16884735,泰国,曼谷
16884736,16885247,泰国,沙功那空
16885248,16886271,泰国,攀孔敬
16886272,16886399,泰国,沙功那空
16886400,16886655,泰国,曼谷
16886656,16886783,泰国,沙功那空
16886784,16886784,泰国,曼谷
16886785,16887039,泰国,攀孔敬
16887040,16887167,泰国,曼谷
16887168,16887295,泰国,沙功那空
16887296,16889855,泰国,曼谷
16889856,16890111,泰国,加拉信府
16890112,16891391,泰国,曼谷
16891392,16891647,泰国,如果硅农
16891648,16892159,泰国,加拉信府
16892160,16892287,泰国,曼谷
16892288,16895743,泰国,加拉信府
16895744,16897023,泰国,曼谷
16897024,16897535,泰国,那空拍侬
16897536,16897791,泰国,曼谷
16897792,16898047,泰国,那空拍侬
16898048,16900607,泰国,曼谷
16900608,16901119,泰国,纳卡
16901120,16902143,泰国,曼谷
16902144,16902399,泰国,Erawan
16902400,16902655,泰国,班帕度万
16902656,16907007,泰国,黎府
16907008,16908287,泰国,曼谷
16908288,16908799,福建省,电信
16908800,16909055,北京市海淀区,北龙中网(北京)科技有限责任公司
16909056,16909311,澳大利亚,CZ88.NET
16909312,16909319,北京市,中国互联网络信息中心
16909320,16909320,北京市,中国互联网络信息中心SDNS服务器
16909321,16909567,北京市,中国互联网络信息中心
16909568,16910335,福建省,电信
16910336,16910591,中国,网络信息中心
16910592,16941055,广东省,电信
16941056,16973823,泰国,CZ88.NET
16973824,17039359,广东省,电信
17039360,17039615,澳大利亚,CZ88.NET
17039616,17040383,福建省,电信
17040384,17040639,北京市海淀区,北龙中网(北京)科技有限责任公司
17040640,17041407,福建省,电信
17041408,17072127,广东省,电信
17072128,17104895,泰国,CZ88.NET
17104896,17170431,日本,港区东
17170432,17301503,印度,CZ88.NET
17301504,17367039,北京市海淀区,北龙中网(北京)科技有限责任公司
17367040,17432575,马来西亚,CZ88.NET
17432576,17434623,广东省,电信
17434624,17435135,福建省,电信
17435136,17435391,澳大利亚,CZ88.NET
17435392,17436671,福建省,电信
17436672,17465343,广东省,电信
17465344,17498111,泰国,CZ88.NET
17498112,17563647,韩国,CZ88.NET
17563648,17629183,北京市,北京北大方正宽带网络科技有限公司
17629184,17645567,吉林省长春市,CZ88.NET
17645568,17825791,北京市,北京北大方正宽带网络科技有限公司
17825792,18087935,韩国,CZ88.NET
18087936,18153471,泰国,CZ88.NET
18153472,18219007,日本,CZ88.NET
18219008,18350079,印度,CZ88.NET
18350080,18352127,内蒙古,联通
18352128,18354175,内蒙古锡林郭勒盟,联通
18354176,18356223,内蒙古,联通
18356224,18358271,内蒙古鄂尔多斯市,联通
18358272,18360319,内蒙古乌兰察布市,联通
18360320,18360575,内蒙古锡林郭勒盟,联通
18360576,18360831,内蒙古锡林郭勒盟苏尼特右旗,联通
18360832,18366463,内蒙古锡林郭勒盟,联通
18366464,18370559,内蒙古,联通
18370560,18374143,内蒙古乌兰察布市,联通
18374144,18374399,内蒙古乌兰察布市丰镇市,联通
18374400,18374655,内蒙古乌兰察布市,联通
18374656,18379263,内蒙古巴彦淖尔市,联通
18379264,18379519,内蒙古巴彦淖尔市杭锦后旗,联通
18379520,18382847,内蒙古巴彦淖尔市,联通
18382848,18384895,内蒙古包头市,联通
18384896,18387967,内蒙古鄂尔多斯市,联通
18387968,18391039,内蒙古乌海市,联通
18391040,18393087,内蒙古包头市,联通
18393088,18395135,内蒙古锡林郭勒盟,联通
18395136,18397183,内蒙古阿拉善盟,联通
18397184,18398207,内蒙古乌海市,联通
18398208,18399231,内蒙古包头市,联通
18399232,18401279,内蒙古乌兰察布市,联通
18401280,18405375,内蒙古呼和浩特市,联通
18405376,18406143,内蒙古乌兰察布市,联通
18406144,18406399,内蒙古巴彦淖尔市,联通
18406400,18406655,内蒙古包头市,联通
18406656,18406911,内蒙古包头市固阳县,联通
18406912,18410495,内蒙古包头市,联通
18410496,18411519,内蒙古乌兰察布市,联通
18411520,18412543,内蒙古呼和浩特市,联通
18412544,18413567,内蒙古乌海市,联通
18413568,18415615,内蒙古锡林郭勒盟,联通
18415616,18417663,内蒙古乌兰察布市,联通
18417664,18419711,内蒙古呼和浩特市,联通
18419712,18421759,内蒙古乌海市,联通
18421760,18426367,内蒙古乌兰察布市,联通
18426368,18426623,内蒙古乌兰察布市商都县,联通
18426624,18426879,内蒙古乌兰察布市,联通
18426880,18427135,内蒙古乌兰察布市察哈尔右后旗,联通
18427136,18427391,内蒙古乌兰察布市,联通
18427392,18427647,内蒙古乌兰察布市商都县,联通
18427648,18427903,内蒙古乌兰察布市,联通
18427904,18428415,内蒙古包头市,联通
18428416,18428671,内蒙古包头市白云鄂博矿区,联通
18428672,18433023,内蒙古包头市,联通
18433024,18434047,内蒙古,联通
18434048,18435071,内蒙古锡林郭勒盟,联通
18435072,18435327,内蒙古锡林郭勒盟二连浩特市,联通
18435328,18439167,内蒙古锡林郭勒盟,联通
18439168,18439423,内蒙古乌兰察布市,联通
18439424,18439679,内蒙古乌兰察布市商都县,联通
18439680,18440191,内蒙古乌兰察布市,联通
18440192,18441215,内蒙古巴彦淖尔市,联通
18441216,18444287,内蒙古呼和浩特市,联通
18444288,18446335,内蒙古锡林郭勒盟,联通
18446336,18448127,内蒙古包头市,联通
18448128,18448383,内蒙古包头市固阳县,联通
18448384,18450431,内蒙古乌兰察布市,联通
18450432,18454527,内蒙古呼和浩特市,联通
18454528,18458879,内蒙古锡林郭勒盟,联通
18458880,18459135,内蒙古锡林郭勒盟苏尼特右旗,联通
18459136,18460159,内蒙古锡林郭勒盟,联通
18460160,18460415,内蒙古锡林郭勒盟正镶白旗,联通
18460416,18461951,内蒙古锡林郭勒盟,联通
18461952,18462207,内蒙古锡林郭勒盟苏尼特右旗,联通
18462208,18466815,内蒙古锡林郭勒盟,联通
18466816,18473983,内蒙古包头市,联通
18473984,18475263,内蒙古巴彦淖尔市,联通
18475264,18475519,内蒙古巴彦淖尔市五原县,联通
18475520,18479615,内蒙古巴彦淖尔市,联通
18479616,18479871,内蒙古巴彦淖尔市乌拉特中旗,联通
18479872,18480383,内蒙古巴彦淖尔市,联通
18480384,18480639,内蒙古巴彦淖尔市五原县,联通
18480640,18481151,内蒙古巴彦淖尔市,联通
18481152,18488575,内蒙古呼伦贝尔市,联通
18488576,18488831,内蒙古呼伦贝尔市满洲里市,联通
18488832,18489087,内蒙古呼伦贝尔市,联通
18489088,18489343,内蒙古呼伦贝尔市满洲里市,联通
18489344,18505727,内蒙古,联通
18505728,18511871,内蒙古赤峰市,联通
18511872,18512127,内蒙古赤峰市巴林左旗,联通林东镇新城区BRAS数据机房
18512128,18512895,内蒙古赤峰市,联通
18512896,18512896,内蒙古赤峰市巴林左旗,联通林东镇新城区BRAS数据机房
18512897,18512897,内蒙古赤峰市,联通ADSL-BRAS网关
18512898,18513151,内蒙古赤峰市巴林左旗,联通林东镇新城区BRAS数据机房
18513152,18513663,内蒙古赤峰市,联通
18513664,18513919,内蒙古赤峰市敖汉旗,联通
18513920,18530303,内蒙古赤峰市,联通
18530304,18530559,内蒙古赤峰市翁牛特旗,联通
18530560,18530815,内蒙古赤峰市阿鲁科尔沁旗,联通
18530816,18531327,内蒙古赤峰市,联通
18531328,18531583,内蒙古呼伦贝尔市鄂温克旗,联通
18531584,18532095,内蒙古呼伦贝尔市,联通
18532096,18532351,内蒙古呼伦贝尔市鄂温克旗,联通
18532352,18533119,内蒙古呼伦贝尔市,联通
18533120,18533375,内蒙古呼伦贝尔市鄂温克旗,联通
18533376,18534399,内蒙古呼伦贝尔市,联通
18534400,18535167,内蒙古兴安盟,联通
18535168,18535423,内蒙古兴安盟阿尔山市,联通
18535424,18536447,内蒙古,联通
18536448,18537471,内蒙古呼伦贝尔市,联通
18537472,18546687,内蒙古通辽市,联通
18546688,18551039,内蒙古呼伦贝尔市,联通
18551040,18551295,内蒙古呼伦贝尔市扎兰屯市,联通
18551296,18554623,内蒙古呼伦贝尔市,联通
18554624,18554879,内蒙古呼伦贝尔市牙克石市,联通
18554880,18557695,内蒙古赤峰市,联通
18557696,18557951,内蒙古赤峰市巴林右旗,联通
18557952,18560767,内蒙古赤峰市,联通
18560768,18561023,内蒙古赤峰市宁城县,联通
18561024,18563071,内蒙古赤峰市,联通
18563072,18565119,内蒙古呼伦贝尔市,联通
18565120,18565375,内蒙古呼伦贝尔市扎兰屯市,联通
18565376,18566399,内蒙古呼伦贝尔市,联通
18566400,18566911,内蒙古呼伦贝尔市海拉尔区,联通
18566912,18569215,内蒙古呼伦贝尔市,联通
18569216,18572031,内蒙古赤峰市,联通
18572032,18572288,内蒙古赤峰市克什克腾旗,联通
18572289,18572289,内蒙古赤峰市巴林左旗,林东镇联通ADSL-BRAS网关(左旗专用)
18572290,18573311,内蒙古赤峰市,联通
18573312,18575359,内蒙古,联通
18575360,18576639,内蒙古通辽市,联通
18576640,18577151,内蒙古通辽市开鲁县,联通
18577152,18584575,内蒙古通辽市,联通
18584576,18584831,内蒙古呼伦贝尔市,联通
18584832,18585087,内蒙古呼伦贝尔市鄂温克旗,联通
18585088,18585599,内蒙古呼伦贝尔市,联通
18585600,18587391,内蒙古兴安盟,联通
18587392,18587647,内蒙古兴安盟突泉县,联通
18587648,18591743,内蒙古兴安盟,联通
18591744,18596607,内蒙古赤峰市,联通
18596608,18596863,内蒙古赤峰市阿鲁科尔沁旗,联通
18596864,18598399,内蒙古赤峰市,联通
18598400,18598911,内蒙古赤峰市喀喇沁旗,联通
18598912,18599167,内蒙古赤峰市,联通
18599168,18599423,内蒙古赤峰市喀喇沁旗,联通
18599424,18606079,内蒙古赤峰市,联通
18606080,18606591,内蒙古赤峰市林西县,联通
18606592,18607615,内蒙古呼伦贝尔市,联通
18607616,18607871,内蒙古呼伦贝尔市阿荣旗,联通
18607872,18608127,内蒙古呼伦贝尔市,联通
18608128,18609151,内蒙古通辽市,联通
18609152,18610175,内蒙古,联通
18610176,18611199,内蒙古兴安盟,联通
18611200,18612223,内蒙古,联通
18612224,18612479,内蒙古包头市达尔罕茂明安联合旗,联通
18612480,18616319,内蒙古包头市,联通
18616320,18620415,内蒙古乌兰察布市,联通
18620416,18628607,内蒙古呼和浩特市,联通
18628608,18630655,内蒙古,联通
18630656,18631679,内蒙古通辽市,联通
18631680,18632703,内蒙古包头市,联通
18632704,18634751,内蒙古乌海市,联通
18634752,18636799,内蒙古,联通
18636800,18640895,内蒙古呼和浩特市,联通
18640896,18641919,内蒙古包头市,联通
18641920,18646015,内蒙古,联通
18646016,18647039,内蒙古呼和浩特市,联通
18647040,18650879,内蒙古,联通
18650880,18653183,内蒙古乌兰察布市,联通
18653184,18655231,内蒙古乌海市,联通
18655232,18658303,内蒙古,联通
18658304,18659327,内蒙古呼和浩特市,联通
18659328,18674687,内蒙古包头市,联通
18674688,18675711,内蒙古乌海市,联通
18675712,18677759,内蒙古包头市,联通
18677760,18678015,内蒙古呼伦贝尔市阿荣旗,联通
18678016,18683135,内蒙古呼伦贝尔市,联通
18683136,18683391,内蒙古呼伦贝尔市满洲里市,联通
18683392,18683647,内蒙古呼伦贝尔市,联通
18683648,18683903,内蒙古呼伦贝尔市满洲里市,联通
18683904,18684159,内蒙古赤峰市宁城县,联通
18684160,18684927,内蒙古赤峰市,联通
18684928,18684928,内蒙古赤峰市巴林左旗,联通林东镇新城区BRAS数据机房
18684929,18684929,内蒙古赤峰市巴林左旗,林东镇联通ADSL-BRAS网关(左旗专用)
18684930,18685183,内蒙古赤峰市巴林左旗,联通林东镇新城区BRAS数据机房
18685184,18686463,内蒙古赤峰市,联通
18686464,18686719,内蒙古赤峰市林西县,联通
18686720,18687231,内蒙古赤峰市,联通
18687232,18687487,内蒙古赤峰市林西县,联通
18687488,18695679,内蒙古赤峰市,联通
18695680,18695935,内蒙古赤峰市巴林右旗,联通
18695936,18697983,内蒙古赤峰市,联通
18697984,18698239,内蒙古赤峰市巴林右旗,联通
18698240,18698495,内蒙古赤峰市,联通
18698496,18698751,内蒙古赤峰市林西县,联通
18698752,18702079,内蒙古赤峰市,联通
18702080,18702335,内蒙古赤峰市宁城县,联通
18702336,18705151,内蒙古赤峰市,联通
18705152,18705407,内蒙古赤峰市宁城县,联通
18705408,18706175,内蒙古赤峰市,联通
18706176,18706431,内蒙古赤峰市翁牛特旗,联通
18706432,18707456,内蒙古赤峰市,联通
18707457,18707457,内蒙古赤峰市巴林左旗,林东镇联通ADSL-BRAS网关(左旗专用)
18707458,18708223,内蒙古赤峰市,联通
18708224,18708479,内蒙古赤峰市巴林左旗,联通
18708480,18708480,内蒙古赤峰市,联通
18708481,18708481,内蒙古赤峰市巴林左旗,林东镇联通ADSL-BRAS网关(左旗专用)
18708482,18716927,内蒙古赤峰市,联通
18716928,18717183,内蒙古通辽市霍林郭勒市,联通
18717184,18719231,内蒙古赤峰市,联通
18719232,18719487,内蒙古赤峰市阿鲁科尔沁旗,联通
18719488,18719743,内蒙古赤峰市,联通
18719744,18719999,内蒙古通辽市霍林郭勒市,联通
18720000,18721023,内蒙古通辽市,联通
18721024,18721279,内蒙古通辽市霍林郭勒市,联通
18721280,18736383,内蒙古通辽市,联通
18736384,18736639,内蒙古通辽市科尔沁左后旗,联通
18736640,18753535,内蒙古赤峰市,联通
18753536,18767871,内蒙古乌兰察布市,联通
18767872,18768127,内蒙古乌兰察布市四子王旗,联通
18768128,18769407,内蒙古乌兰察布市,联通
18769408,18769663,内蒙古乌兰察布市四子王旗,联通
18769664,18780415,内蒙古赤峰市,联通
18780416,18780671,内蒙古鄂尔多斯市乌审旗,联通
18780672,18789631,内蒙古赤峰市,联通
18789632,18789887,内蒙古乌兰察布市丰镇市,联通
18789888,18803711,内蒙古赤峰市,联通
18803712,18803967,内蒙古阿拉善盟,联通
18803968,18810623,内蒙古赤峰市,联通
18810624,18810879,内蒙古赤峰市敖汉旗,联通
18810880,18871295,内蒙古赤峰市,联通
18871296,18871296,内蒙古赤峰市巴林左旗,联通林东镇新城区BRAS数据机房
18871297,18871297,内蒙古赤峰市巴林左旗,林东镇联通ADSL-BRAS网关(左旗专用)
18871298,18871551,内蒙古赤峰市巴林左旗,联通林东镇新城区BRAS数据机房
18871552,18872063,内蒙古赤峰市,联通
18872064,18872319,内蒙古赤峰市巴林左旗,联通
18872320,18874367,内蒙古赤峰市,联通
18874368,18939903,香港,CZ88.NET
18939904,19005439,日本,"东京都港区西新橋NTT PC有限公司"
19005440,19136511,台湾省,中华电信股份有限公司
19136512,19202047,香港,电讯盈科有限公司
19202048,19267583,菲律宾,CZ88.NET
19267584,19398655,印度,CZ88.NET
19398656,19726335,澳大利亚,CZ88.NET
19726336,19791871,北京市,万网志成科技有限公司
19791872,19922943,泰国,CZ88.NET
19922944,19943423,贵州省贵阳市,电信
19943424,19946495,贵州省黔南州,电信
19946496,19946751,贵州省黔南州荔波县,电信
19946752,20013823,贵州省贵阳市,电信
20013824,20014079,贵州省毕节地区威宁县,电信
20014080,20031231,贵州省贵阳市,电信
20031232,20031487,贵州省黔西南州兴义市,电信
20031488,20036863,贵州省贵阳市,电信
20036864,20037119,贵州省黔南州都匀市,电信
20037120,20037631,贵州省贵阳市,电信
20037632,20054015,贵州省安顺市,电信
20054016,20119551,宁夏,电信
20119552,20123647,北京市,教育网
20123648,20127743,江苏省南京市,南京艺术学院教育网
20127744,20133887,江苏省常州市,常州大学教育网
20133888,20135935,江苏省南京市,江苏第二师范学院教育网
20135936,20148223,安徽省合肥市,教育网
20148224,20150271,安徽省滁州市,滁州职业技术学院教育网
20150272,20152319,安徽省合肥市,合肥师范学院教育网
20152320,20156415,江苏省,教育网
20156416,20160511,山东省济南市,山东女子学院教育网
20160512,20162559,山东省潍坊市,潍坊学院教育网
20162560,20168703,山东省德州市,德州学院教育网
20168704,20185087,山东省济南市,山东大学教育网
20185088,20447231,越南,河内
20447232,20463615,黑龙江省鹤岗市,联通
20463616,20472319,黑龙江省哈尔滨市,联通
20472320,20472575,黑龙江省哈尔滨市依兰县,联通
20472576,20479999,黑龙江省哈尔滨市,联通
20480000,20505343,黑龙江省牡丹江市,联通
20505344,20505599,黑龙江省牡丹江市海林市,联通
20505600,20506111,黑龙江省牡丹江市,联通
20506112,20506367,黑龙江省牡丹江市海林市,联通
20506368,20509695,黑龙江省牡丹江市,联通
20509696,20509951,黑龙江省牡丹江市东宁县,联通
20509952,20512767,黑龙江省牡丹江市,联通
20512768,20513023,黑龙江省绥化市,联通
20513024,20513279,黑龙江省绥化市安达市,联通
20513280,20514303,黑龙江省绥化市,联通
20514304,20514559,黑龙江省绥化市青冈县,联通
20514560,20516863,黑龙江省绥化市,联通
20516864,20517119,黑龙江省绥化市绥棱县,联通
20517120,20518399,黑龙江省绥化市,联通
20518400,20518655,黑龙江省绥化市海伦市,联通
20518656,20520959,黑龙江省绥化市,联通
20520960,20521215,黑龙江省绥化市望奎县,联通
20521216,20521471,黑龙江省绥化市,联通
20521472,20521727,黑龙江省绥化市肇东市,联通
20521728,20527359,黑龙江省绥化市,联通
20527360,20527871,黑龙江省绥化市海伦市,联通
20527872,20528895,黑龙江省绥化市,联通
20528896,20529151,黑龙江省绥化市北林区,联通
20529152,20534015,黑龙江省齐齐哈尔市,联通
20534016,20534271,黑龙江省齐齐哈尔市拜泉县,联通
20534272,20535295,黑龙江省齐齐哈尔市,联通
20535296,20535551,黑龙江省齐齐哈尔市泰来县,联通
20535552,20536575,黑龙江省齐齐哈尔市,联通
20536576,20536831,黑龙江省齐齐哈尔市泰来县,联通
20536832,20537855,黑龙江省齐齐哈尔市,联通
20537856,20538367,黑龙江省齐齐哈尔市讷河市,联通
20538368,20538623,黑龙江省齐齐哈尔市,联通
20538624,20538879,黑龙江省齐齐哈尔市讷河市,联通
20538880,20540159,黑龙江省齐齐哈尔市,联通
20540160,20540415,黑龙江省齐齐哈尔市龙江县,联通
20540416,20545535,黑龙江省齐齐哈尔市,联通
20545536,20561919,黑龙江省双鸭山市,联通
20561920,20562175,黑龙江省鸡西市虎林市,联通
20562176,20562687,黑龙江省鸡西市,联通
20562688,20562943,黑龙江省鸡西市虎林市,联通
20562944,20563711,黑龙江省鸡西市,联通
20563712,20563967,黑龙江省鸡西市密山市,联通
20563968,20564991,黑龙江省鸡西市,联通
20564992,20565247,黑龙江省鸡西市虎林市,联通
20565248,20567807,黑龙江省鸡西市,联通
20567808,20568063,黑龙江省鸡西市密山市,联通
20568064,20572159,黑龙江省鸡西市,联通
20572160,20572415,黑龙江省鸡西市鸡东县,联通
20572416,20576255,黑龙江省鸡西市,联通
20576256,20576511,黑龙江省鸡西市虎林市,联通
20576512,20578047,黑龙江省鸡西市,联通
20578048,20578303,黑龙江省鸡西市虎林市,联通
20578304,20584703,黑龙江省哈尔滨市,联通
20584704,20584959,黑龙江省哈尔滨市香坊区,联通
20584960,20586495,黑龙江省哈尔滨市,联通
20586496,20586751,黑龙江省哈尔滨市道里区,联通
20586752,20622591,黑龙江省哈尔滨市,联通
20622592,20622847,黑龙江省哈尔滨市五常市,联通
20622848,20630015,黑龙江省哈尔滨市,联通
20630016,20631807,黑龙江省哈尔滨市双城区,联通
20631808,20634879,黑龙江省哈尔滨市,联通
20634880,20635135,黑龙江省哈尔滨市双城区,联通
20635136,20639743,黑龙江省哈尔滨市,联通
20639744,20639999,黑龙江省哈尔滨市双城区,联通
20640000,20643839,黑龙江省哈尔滨市,联通
20643840,20655871,黑龙江省大庆市,联通
20655872,20656127,黑龙江省大庆市萨尔图区,联通
20656128,20664063,黑龙江省大庆市,联通
20664064,20664319,黑龙江省大庆市肇源县,联通
20664320,20665599,黑龙江省大庆市,联通
20665600,20665855,黑龙江省大庆市肇源县,联通
20665856,20676607,黑龙江省大庆市,联通
20676608,20687615,黑龙江省佳木斯市,联通
20687616,20688127,黑龙江省佳木斯市汤原县,联通
20688128,20695295,黑龙江省佳木斯市,联通
20695296,20695551,黑龙江省佳木斯市桦南县,联通
20695552,20696831,黑龙江省佳木斯市,联通
20696832,20697087,黑龙江省佳木斯市桦南县,联通
20697088,20701439,黑龙江省佳木斯市,联通
20701440,20701695,黑龙江省佳木斯市抚远县,联通
20701696,20709375,黑龙江省佳木斯市,联通
20709376,20711423,黑龙江省,联通
20711424,20711679,黑龙江省黑河市嫩江县,联通
20711680,20720127,黑龙江省黑河市,联通
20720128,20720383,黑龙江省黑河市嫩江县,联通
20720384,20721407,黑龙江省黑河市,联通
20721408,20721663,黑龙江省黑河市北安市,联通
20721664,20725759,黑龙江省黑河市,联通
20725760,20742143,黑龙江省七台河市,联通
20742144,20758527,黑龙江省伊春市,联通
20758528,20759039,黑龙江省齐齐哈尔市,联通
20759040,20759295,黑龙江省齐齐哈尔市讷河市,联通
20759296,20774911,黑龙江省齐齐哈尔市,联通
20774912,20777215,黑龙江省绥化市,联通
20777216,20777471,黑龙江省绥化市肇东市,联通
20777472,20785407,黑龙江省绥化市,联通
20785408,20785663,黑龙江省绥化市青冈县,联通
20785664,20792575,黑龙江省绥化市,联通
20792576,20792831,黑龙江省绥化市明水县,联通
20792832,20793087,黑龙江省绥化市,联通
20793088,20793343,黑龙江省绥化市安达市,联通
20793344,20794111,黑龙江省绥化市,联通
20794112,20794367,黑龙江省绥化市兰西县,联通
20794368,20807679,黑龙江省绥化市,联通
20807680,20812543,黑龙江省齐齐哈尔市,联通
20812544,20812799,黑龙江省齐齐哈尔市龙江县,联通
20812800,20814847,黑龙江省齐齐哈尔市,联通
20814848,20815359,黑龙江省齐齐哈尔市依安县,联通
20815360,20816127,黑龙江省齐齐哈尔市,联通
20816128,20816383,黑龙江省齐齐哈尔市克山县,联通
20816384,20817151,黑龙江省齐齐哈尔市,联通
20817152,20817407,黑龙江省齐齐哈尔市克山县,联通
20817408,20835071,黑龙江省齐齐哈尔市,联通
20835072,20835327,黑龙江省齐齐哈尔市拜泉县,联通
20835328,20840447,黑龙江省齐齐哈尔市,联通
20840448,20841727,黑龙江省哈尔滨市,联通
20841728,20841983,黑龙江省哈尔滨市尚志市,联通
20841984,20847871,黑龙江省哈尔滨市,联通
20847872,20848127,黑龙江省哈尔滨市双城区,联通
20848128,20850687,黑龙江省哈尔滨市,联通
20850688,20854527,黑龙江省哈尔滨市双城区,联通
20854528,20877823,黑龙江省哈尔滨市,联通
20877824,20878335,黑龙江省哈尔滨市双城区,联通
20878336,20878847,黑龙江省哈尔滨市,联通
20878848,20879359,黑龙江省哈尔滨市双城区,联通
20879360,20883967,黑龙江省哈尔滨市,联通
20883968,20884223,黑龙江省哈尔滨市双城区,联通
20884224,20899583,黑龙江省哈尔滨市,联通
20899584,20899839,黑龙江省哈尔滨市双城区,联通
20899840,20905983,黑龙江省哈尔滨市,联通
20905984,20907519,黑龙江省鸡西市,联通
20907520,20907775,黑龙江省鸡西市虎林市,联通
20907776,20909055,黑龙江省鸡西市,联通
20909056,20909311,黑龙江省鸡西市虎林市,联通
20909312,20922367,黑龙江省鸡西市,联通
20922368,20922623,黑龙江省大兴安岭地区漠河县,联通
20922624,20927999,黑龙江省大兴安岭地区,联通
20928000,20930559,黑龙江省,联通
20930560,20938239,黑龙江省大庆市,联通
20938240,20938495,黑龙江省大庆市肇州县,联通
20938496,20938751,黑龙江省大庆市,联通
20938752,20939007,黑龙江省绥化市,联通
20939008,20939263,黑龙江省绥化市绥棱县,联通
20939264,20942591,黑龙江省绥化市,联通
20942592,20942847,黑龙江省绥化市海伦市,联通
20942848,20950271,黑龙江省绥化市,联通
20950272,20950527,黑龙江省绥化市海伦市,联通
20950528,20955135,黑龙江省绥化市,联通
20955136,20964863,黑龙江省伊春市,联通
20964864,20965119,黑龙江省伊春市铁力市,联通
20965120,20971519,黑龙江省伊春市,联通
20971520,21102591,香港,电讯盈科有限公司
21102592,21233663,日本,CZ88.NET
21233664,21495807,山西省,电信
21495808,22020095,日本,CZ88.NET
22020096,22060031,陕西省西安市,电信
22060032,22060287,陕西省西安市临潼区,电信
22060288,22085631,陕西省西安市,电信
22085632,22107903,陕西省渭南市,电信
22107904,22108159,陕西省渭南市合阳县,电信
22108160,22111999,陕西省渭南市,电信
22112000,22112255,陕西省渭南市华阴市,电信
22112256,22118399,陕西省渭南市,电信
22118400,22126847,陕西省汉中市,电信
22126848,22127103,陕西省汉中市洋县,电信
22127104,22132223,陕西省汉中市,电信
22132224,22132479,陕西省汉中市西乡县,电信
22132480,22136063,陕西省汉中市,电信
22136064,22136319,陕西省汉中市勉县,电信
22136320,22147839,陕西省汉中市,电信
22147840,22148095,陕西省汉中市勉县,电信
22148096,22151167,陕西省汉中市,电信
22151168,22159359,陕西省商洛市,电信
22159360,22159615,陕西省西安市,电信
22159616,22164735,陕西省安康市,电信
22164736,22183935,陕西省西安市,电信
22183936,22188287,陕西省宝鸡市,电信
22188288,22188543,陕西省宝鸡市岐山县,电信
22188544,22216703,陕西省宝鸡市,电信
22216704,22216766,陕西省西安市,电信
22216767,22216767,陕西省西安市,青田文化艺术传播有限公司
22216768,22254277,陕西省西安市,电信
22254278,22254278,陕西省西安市雁塔区,西安外国语大学
22254279,22307386,陕西省西安市,电信
22307387,22307387,陕西省西安市莲湖区,倩倩网络
22307388,22307532,陕西省西安市,电信
22307533,22307533,陕西省西安市莲湖区,倩倩网络
22307534,22347821,陕西省西安市,电信
22347822,22347822,陕西省西安市临潼区,海岸网络
22347823,22352263,陕西省西安市,电信
22352264,22352274,陕西省西安市,西北大学
22352275,22355809,陕西省西安市,电信
22355810,22355810,陕西省西安市长安区,赢向未来网络会所(韦曲街道何家营新村)
22355811,22357473,陕西省西安市,电信
22357474,22357474,陕西省西安市,BOBO网尚
22357475,22357781,陕西省西安市,电信
22357782,22357782,陕西省西安市,大世界网吧(徐家庄)
22357783,22360421,陕西省西安市,电信
22360422,22360422,陕西省西安市雁塔区,逐峰电竞
22360423,22361137,陕西省西安市,电信
22361138,22361138,陕西省西安市,达内科技有限公司省和平门分公司
22361139,22396403,陕西省西安市,电信
22396404,22396404,陕西省西安市雁塔区,鱼化寨和合轩网吧
22396405,22405375,陕西省西安市,电信
22405376,22405631,陕西省西安市户县,电信
22405632,22417407,陕西省西安市,电信
22417408,22417663,陕西省西安市周至县,电信
22417664,22431231,陕西省西安市,电信
22431232,22431487,陕西省延安市延长县,电信
22431488,22445055,陕西省西安市,电信
22445056,22445567,陕西省咸阳市,电信
22445568,22462719,陕西省西安市,电信
22462720,22465535,陕西省渭南市,电信
22465536,22495231,陕西省西安市,电信
22495232,22527999,陕西省榆林市,电信
22528000,22536703,陕西省西安市,电信
22536704,22536959,陕西省西安市周至县,电信
22536960,22544383,陕西省西安市,电信
22544384,22806527,北京市,歌华有线
22806528,22872063,北京市,电信通
22872064,22872064,北京市,电信通酒仙桥数据中心
22872065,22872065,北京市,电信通酒仙桥数据中心(出口路由)
22872066,22937599,北京市,电信通酒仙桥数据中心
22937600,23068671,北京市,北京宽带通电信技术有限公司
23068672,24117247,韩国,CZ88.NET
24117248,24379391,日本,东京都港区虎ノ門eAccess有限公司
24379392,24641535,北京市,中电华通
24641536,27262975,澳大利亚,CZ88.NET
27262976,28311551,台湾省,台北市中华电信
28311552,28442623,韩国,CZ88.NET
28442624,28540927,澳大利亚,CZ88.NET
28540928,28573695,泰国,CZ88.NET
28573696,28581887,内蒙古呼和浩特市,电信
28581888,28590079,内蒙古包头市,电信
28590080,28596223,内蒙古鄂尔多斯市,电信
28596224,28598271,内蒙古,电信
28598272,28602367,内蒙古呼伦贝尔市,电信
28602368,28606463,内蒙古赤峰市,电信
28606464,28610559,内蒙古乌海市,电信
28610560,28612607,内蒙古巴彦淖尔市,电信
28612608,28614655,内蒙古,电信
28614656,28616703,内蒙古乌兰察布市,电信
28616704,28618751,内蒙古,电信
28618752,28622847,内蒙古通辽市,电信
28622848,28628991,内蒙古,电信
28628992,28633087,内蒙古锡林郭勒盟,电信
28633088,28635135,内蒙古,电信
28635136,28639231,内蒙古通辽市,电信
28639232,28671999,内蒙古包头市,电信
28672000,28684287,内蒙古赤峰市,电信
28684288,28684543,内蒙古赤峰市宁城县,电信
28684544,28684799,内蒙古赤峰市,电信
28684800,28685055,内蒙古赤峰市喀喇沁旗,电信
28685056,28686591,内蒙古赤峰市,电信
28686592,28686847,内蒙古赤峰市喀喇沁旗,电信
28686848,28687103,内蒙古赤峰市,电信
28687104,28687359,内蒙古赤峰市喀喇沁旗,电信
28687360,28688127,内蒙古赤峰市,电信
28688128,28688383,内蒙古赤峰市喀喇沁旗,电信
28688384,28692479,内蒙古通辽市,电信
28692480,28692735,内蒙古通辽市开鲁县,电信
28692736,28693503,内蒙古通辽市,电信
28693504,28693759,内蒙古通辽市开鲁县,电信
28693760,28704767,内蒙古通辽市,电信
28704768,28708351,内蒙古呼和浩特市,电信
28708352,28708607,内蒙古呼和浩特市回民区,电信
28708608,28712959,内蒙古呼和浩特市,电信
28712960,28721151,内蒙古包头市,电信
28721152,28722943,内蒙古巴彦淖尔市,电信
28722944,28723199,内蒙古巴彦淖尔市五原县,电信
28723200,28734719,内蒙古巴彦淖尔市,电信
28734720,28734975,内蒙古赤峰市敖汉旗,电信
28734976,28737535,内蒙古巴彦淖尔市,电信
28737536,28739583,内蒙古鄂尔多斯市,电信
28739584,28739839,内蒙古鄂尔多斯市东胜区,电信
28739840,28747007,内蒙古鄂尔多斯市,电信
28747008,28747263,内蒙古乌兰察布市四子王旗,电信
28747264,28748543,内蒙古乌兰察布市,电信
28748544,28748799,内蒙古乌兰察布市凉城县,电信
28748800,28753919,内蒙古鄂尔多斯市,电信
28753920,28770303,内蒙古呼和浩特市,电信
28770304,28775423,内蒙古,电信
28775424,28775679,内蒙古赤峰市,电信
28775680,28778495,内蒙古,电信
28778496,28786687,内蒙古包头市,电信
28786688,28794879,内蒙古,电信
28794880,28795135,内蒙古呼伦贝尔市满洲里市,电信
28795136,28807935,内蒙古,电信
28807936,28808191,内蒙古乌海市,电信
28808192,28813055,内蒙古,电信
28813056,28813311,内蒙古锡林郭勒盟二连浩特市,电信
28813312,28817151,内蒙古,电信
28817152,28817407,内蒙古赤峰市阿鲁科尔沁旗,电信
28817408,28818687,内蒙古,电信
28818688,28818943,内蒙古通辽市扎鲁特旗,电信
28818944,28819455,内蒙古通辽市,电信
28819456,28835839,内蒙古包头市,电信
28835840,28868607,广东省广州市,暨南大学
28868608,28901375,广东省广州市,教育网
28901376,28925951,广西南宁市,广西大学
28925952,28950527,广东省广州市,教育网
28950528,28966911,广西桂林市,广西师范大学
28966912,29097983,印度,CZ88.NET
29097984,29104127,黑龙江省黑河市,联通
29104128,29104383,黑龙江省黑河市北安市,联通
29104384,29106175,黑龙江省黑河市,联通
29106176,29106431,黑龙江省双鸭山市,联通
29106432,29106687,黑龙江省双鸭山市友谊县,联通
29106688,29111551,黑龙江省双鸭山市,联通
29111552,29111807,黑龙江省双鸭山市宝山区,联通
29111808,29113343,黑龙江省双鸭山市,联通
29113344,29113599,黑龙江省双鸭山市集贤县,联通
29113600,29114367,黑龙江省,联通
29114368,29118719,黑龙江省佳木斯市,联通
29118720,29118975,黑龙江省佳木斯市抚远县,联通
29118976,29119231,黑龙江省佳木斯市,联通
29119232,29119487,黑龙江省佳木斯市桦川县,联通
29119488,29130751,黑龙江省佳木斯市,联通
29130752,29131007,黑龙江省牡丹江市,联通
29131008,29131263,黑龙江省牡丹江市穆棱市,联通
29131264,29132543,黑龙江省牡丹江市,联通
29132544,29132799,黑龙江省牡丹江市林口县,联通
29132800,29160703,黑龙江省牡丹江市,联通
29160704,29160959,黑龙江省牡丹江市海林市,联通
29160960,29163519,黑龙江省牡丹江市,联通
29163520,29166335,黑龙江省哈尔滨市,联通
29166336,29166591,黑龙江省哈尔滨市巴彦县,联通
29166592,29169663,黑龙江省哈尔滨市,联通
29169664,29169919,黑龙江省哈尔滨市通河县,联通
29169920,29171455,黑龙江省哈尔滨市,联通
29171456,29171967,黑龙江省哈尔滨市双城区,联通
29171968,29172223,黑龙江省哈尔滨市,联通
29172224,29172479,黑龙江省哈尔滨市宾县,联通
29172480,29183999,黑龙江省哈尔滨市,联通
29184000,29184255,黑龙江省哈尔滨市双城区,联通
29184256,29190143,黑龙江省哈尔滨市,联通
29190144,29190655,黑龙江省哈尔滨市双城区,联通
29190656,29191423,黑龙江省哈尔滨市,联通
29191424,29191679,黑龙江省哈尔滨市宾县,联通
29191680,29196287,黑龙江省哈尔滨市,联通
29196288,29229055,黑龙江省,联通
29229056,29233151,黑龙江省大庆市,联通
29233152,29233407,黑龙江省大庆市肇源县,联通
29233408,29234687,黑龙江省大庆市,联通
29234688,29234943,黑龙江省大庆市肇州县,联通
29234944,29236991,黑龙江省大庆市,联通
29236992,29237247,黑龙江省大庆市肇源县,联通
29237248,29265151,黑龙江省哈尔滨市,联通
29265152,29265407,黑龙江省哈尔滨市宾县,联通
29265408,29268991,黑龙江省哈尔滨市,联通
29268992,29269247,黑龙江省哈尔滨市五常市,联通
29269248,29273087,黑龙江省哈尔滨市,联通
29273088,29273343,黑龙江省哈尔滨市双城区,联通
29273344,29281791,黑龙江省哈尔滨市,联通
29281792,29282047,黑龙江省哈尔滨市双城区,联通
29282048,29293567,黑龙江省哈尔滨市,联通
29293568,29293823,黑龙江省哈尔滨市双城区,联通
29293824,29294591,黑龙江省哈尔滨市,联通
29294592,29296639,黑龙江省齐齐哈尔市,联通
29296640,29296895,黑龙江省齐齐哈尔市龙江县,联通
29296896,29302783,黑龙江省齐齐哈尔市,联通
29302784,29307903,黑龙江省,联通
29307904,29308159,黑龙江省绥化市海伦市,联通
29308160,29310463,黑龙江省绥化市,联通
29310464,29310719,黑龙江省绥化市肇东市,联通
29310720,29310975,黑龙江省,联通
29310976,29327359,黑龙江省大庆市,联通
29327360,29343743,黑龙江省双鸭山市,联通
29343744,29350399,黑龙江省黑河市,联通
29350400,29350655,黑龙江省大兴安岭地区漠河县,联通
29350656,29360127,黑龙江省黑河市,联通
29360128,29400319,河南省郑州市,电信
29400320,29400575,河南省郑州市登封市,电信
29400576,29411071,河南省郑州市,电信
29411072,29411327,河南省郑州市荥阳县,电信
29411328,29412351,河南省郑州市,电信
29412352,29412607,河南省郑州市荥阳市,电信
29412608,29442047,河南省郑州市,电信
29442048,29455103,河南省开封市,电信
29455104,29455359,河南省开封市尉氏县,电信
29455360,29458431,河南省开封市,电信
29458432,29488383,河南省洛阳市,电信
29488384,29488639,河南省洛阳市西工区,电信
29488640,29491199,河南省洛阳市,电信
29491200,29498367,河南省平顶山市,电信
29498368,29498623,河南省平顶山市新华区,电信
29498624,29500671,河南省平顶山市,电信
29500672,29500927,河南省平顶山市新华区,电信
29500928,29515775,河南省平顶山市,电信
29515776,29518847,河南省周口市,电信
29518848,29519103,河南省周口市郸城县,电信
29519104,29519871,河南省周口市,电信
29519872,29523967,河南省驻马店市,电信
29523968,29525759,河南省开封市,电信
29525760,29526015,河南省开封市通许县,电信
29526016,29529855,河南省开封市,电信
29529856,29530111,河南省开封市杞县,电信
29530112,29536255,河南省开封市,电信
29536256,29536511,河南省开封市杞县,电信
29536512,29537535,河南省开封市,电信
29537536,29537791,河南省开封市兰考县,电信
29537792,29540351,河南省开封市,电信
29540352,29551615,河南省安阳市,电信
29551616,29551871,河南省安阳市汤阴县,电信
29551872,29552383,河南省安阳市,电信
29552384,29552639,河南省安阳市汤阴县,电信
29552640,29555455,河南省安阳市,电信
29555456,29555711,河南省安阳市汤阴县,电信
29555712,29556223,河南省安阳市,电信
29556224,29556735,河南省安阳市汤阴县,电信
29556736,29564671,河南省新乡市,电信
29564672,29564927,河南省新乡市原阳县,电信
29564928,29569791,河南省新乡市,电信
29569792,29570047,河南省新乡市长垣县,电信
29570048,29573119,河南省新乡市,电信
29573120,29575935,河南省焦作市,电信
29575936,29576191,河南省焦作市沁阳县,电信
29576192,29582335,河南省焦作市,电信
29582336,29582591,河南省焦作市山阳区,电信
29582592,29582847,河南省焦作市,电信
29582848,29583103,河南省焦作市博爱县,电信
29583104,29585151,河南省焦作市,电信
29585152,29585407,河南省三门峡市,电信
29585408,29589503,河南省焦作市,电信
29589504,29589759,河南省濮阳市,电信
29589760,29590015,河南省濮阳市清丰县,电信
29590016,29602047,河南省濮阳市,电信
29602048,29603071,河南省濮阳市清丰县,电信
29603072,29605887,河南省濮阳市,电信
29605888,29606143,河南省三门峡市卢氏县,电信
29606144,29608447,河南省三门峡市,电信
29608448,29608703,河南省三门峡市卢氏县,电信
29608704,29622271,河南省三门峡市,电信
29622272,29630463,河南省许昌市,电信
29630464,29632767,河南省三门峡市,电信
29632768,29633023,河南省三门峡市渑池县,电信
29633024,29634559,河南省三门峡市,电信
29634560,29638655,河南省新乡市,电信
29638656,29642239,河南省商丘市,电信
29642240,29642495,河南省商丘市睢县,电信
29642496,29653503,河南省商丘市,电信
29653504,29655039,河南省开封市,电信
29655040,29655551,河南省南阳市,电信
29655552,29655807,河南省南阳市邓州市,电信
29655808,29656575,河南省南阳市,电信
29656576,29656831,河南省南阳市方城县,电信
29656832,29657087,河南省南阳市镇平县,电信
29657088,29657855,河南省南阳市,电信
29657856,29658111,河南省南阳市邓州市,电信
29658112,29663231,河南省南阳市,电信
29663232,29663487,河南省洛阳市孟津县,电信
29663488,29670143,河南省洛阳市,电信
29670144,29670399,河南省洛阳市栾川县,电信
29670400,29671167,河南省洛阳市,电信
29671168,29671423,河南省洛阳市栾川县,电信
29671424,29672959,河南省信阳市,电信
29672960,29673215,河南省信阳市光山县,电信
29673216,29674751,河南省信阳市,电信
29674752,29675007,河南省信阳市商城县,电信
29675008,29677055,河南省信阳市,电信
29677056,29677311,河南省信阳市光山县,电信
29677312,29679615,河南省信阳市,电信
29679616,29679871,河南省信阳市潢川县,电信
29679872,29680639,河南省信阳市,电信
29680640,29680895,河南省信阳市商城县,电信
29680896,29681663,河南省信阳市,电信
29681664,29681919,河南省信阳市息县,电信
29681920,29682943,河南省信阳市,电信
29682944,29683199,河南省信阳市固始县,电信
29683200,29684223,河南省信阳市,电信
29684224,29684479,河南省信阳市潢川县,电信
29684480,29687807,河南省信阳市,电信
29687808,29688319,河南省鹤壁市,电信
29688320,29688575,河南省鹤壁市浚县,电信
29688576,29695999,河南省鹤壁市,电信
29696000,29704191,河南省漯河市,电信
29704192,29704447,河南省周口市,电信
29704448,29704703,河南省周口市郸城县,电信
29704704,29705471,河南省周口市,电信
29705472,29705727,河南省周口市郸城县,电信
29705728,29706239,河南省周口市,电信
29706240,29706495,河南省周口市鹿邑县,电信
29706496,29706751,河南省周口市商水县,电信
29706752,29708543,河南省周口市,电信
29708544,29708799,河南省周口市郸城县,电信
29708800,29709055,河南省周口市,电信
29709056,29709311,河南省周口市郸城县,电信
29709312,29709567,河南省周口市,电信
29709568,29710079,河南省周口市郸城县,电信
29710080,29712383,河南省周口市,电信
29712384,29718527,河南省驻马店市,电信
29718528,29718783,河南省驻马店市正阳县,电信
29718784,29720575,河南省驻马店市,电信
29720576,29728767,河南省许昌市,电信
29728768,29731071,河南省南阳市,电信
29731072,29731327,河南省南阳市新野县,电信
29731328,29734911,河南省南阳市,电信
29734912,29735167,河南省南阳市西峡县,电信
29735168,29736959,河南省南阳市,电信
29736960,29739775,河南省济源市,电信
29739776,29741055,河南省焦作市,电信
29741056,29741311,河南省安阳市,电信
29741312,29741567,河南省安阳市滑县,电信
29741568,29742079,河南省安阳市,电信
29742080,29742335,河南省安阳市滑县,电信
29742336,29743359,河南省安阳市,电信
29743360,29743615,河南省安阳市滑县,电信
29743616,29744383,河南省安阳市,电信
29744384,29744639,河南省安阳市滑县,电信
29744640,29745151,河南省安阳市,电信
29745152,29745407,河南省周口市商水县,电信
29745408,29747199,河南省周口市,电信
29747200,29747455,河南省周口市淮阳县,电信
29747456,29748991,河南省周口市,电信
29748992,29749247,河南省周口市扶沟县,电信
29749248,29753343,河南省漯河市,电信
29753344,29818879,河南省郑州市,电信
29818880,29819135,河南省周口市沈丘县,电信
29819136,29822719,河南省周口市,电信
29822720,29822975,河南省周口市郸城县,电信
29822976,29825023,河南省焦作市,电信
29825024,29825279,河南省新乡市,电信
29825280,29825535,河南省焦作市,电信
29825536,29825791,河南省济源市,电信
29825792,29827071,河南省焦作市,电信
29827072,29831167,河南省漯河市,电信
29831168,29831679,河南省安阳市,电信
29831680,29831935,河南省安阳市内黄县,电信
29831936,29835263,河南省安阳市,电信
29835264,29841407,河南省郑州市,电信
29841408,29843455,河南省,电信
29843456,29844223,河南省新乡市,电信
29844224,29844479,河南省新乡市原阳县,电信
29844480,29851391,河南省新乡市,电信
29851392,29851647,河南省新乡市延津县,电信
29851648,29852159,河南省驻马店市确山县,电信
29852160,29852927,河南省驻马店市,电信
29852928,29853183,河南省驻马店市泌阳县,电信
29853184,29855231,河南省驻马店市,电信
29855232,29855487,河南省驻马店市西平县,电信
29855488,29855743,河南省驻马店市,电信
29855744,29855999,河南省驻马店市西平县,电信
29856000,29856511,河南省驻马店市,电信
29856512,29857023,河南省驻马店市西平县,电信
29857024,29858303,河南省驻马店市,电信
29858304,29858559,河南省驻马店市泌阳县,电信
29858560,29858815,河南省驻马店市,电信
29858816,29859327,河南省驻马店市新蔡县,电信
29859328,29859839,河南省驻马店市,电信
29859840,29860095,河南省三门峡市卢氏县,电信
29860096,29860351,河南省三门峡市,电信
29860352,29860607,河南省三门峡市灵宝市,电信
29860608,29861375,河南省三门峡市,电信
29861376,29861631,河南省三门峡市灵宝市,电信
29861632,29868031,河南省三门峡市,电信
29868032,29879295,河南省洛阳市,电信
29879296,29879551,河南省洛阳市栾川县,电信
29879552,29881855,河南省洛阳市,电信
29881856,29882111,河南省洛阳市栾川县,电信
29882112,29882623,河南省洛阳市,电信
29882624,29882879,河南省洛阳市嵩县,电信
29882880,29883903,河南省洛阳市,电信
29883904,29884159,河南省洛阳市栾川县,电信
29884160,29884415,河南省洛阳市,电信
29884416,29949951,台湾省,CZ88.NET
29949952,30015487,韩国,CZ88.NET
30015488,30037378,北京市,电信
30037379,30037379,北京市,首都机场WIFI
30037380,30038015,北京市,电信
30038016,30038271,北京市门头沟区,电信
30038272,30045695,北京市,电信
30045696,30045951,北京市朝阳区,电信
30045952,30062656,北京市,电信
30062657,30062657,北京市东城区,杭州银行股份有限公司北京分行(朝阳门北大街3号第五广场大厦A座)
30062658,30079493,北京市,电信
30079494,30079494,北京市,电信节点
30079495,30080828,北京市,电信
30080829,30080829,北京市,电信节点
30080830,30146559,北京市,电信
30146560,30148351,贵州省贵阳市,电信
30148352,30148607,贵州省贵阳市小河区,电信
30148608,30171135,贵州省贵阳市,电信
30171136,30178047,贵州省贵阳市小河区,电信
30178048,30189567,贵州省贵阳市,电信
30189568,30189823,贵州省贵阳市修文县,电信
30189824,30190618,贵州省贵阳市,电信
30190619,30190619,贵州省贵阳市南明区,如家酒店(枣山路店)
30190620,30207999,贵州省贵阳市,电信
30208000,30210559,贵州省贵阳市云岩区,电信
30210560,30212095,贵州省贵阳市,电信
30212096,30218751,贵州省遵义市,电信
30218752,30219007,贵州省遵义市习水县,电信
30219008,30222847,贵州省遵义市,电信
30222848,30223103,贵州省遵义市道真县,电信
30223104,30232575,贵州省遵义市,电信
30232576,30232831,贵州省遵义市红花岗区,电信
30232832,30249983,贵州省遵义市,电信
30249984,30250239,贵州省遵义市桐梓县,电信
30250240,30250495,贵州省遵义市,电信
30250496,30250751,贵州省遵义市桐梓县,电信
30250752,30253567,贵州省遵义市,电信
30253568,30253823,贵州省遵义市红花岗区,电信
30253824,30254335,贵州省遵义市,电信
30254336,30254591,贵州省遵义市红花岗区,电信
30254592,30255871,贵州省遵义市,电信
30255872,30256127,贵州省遵义市红花岗区,电信
30256128,30256639,贵州省遵义市,电信
30256640,30256895,贵州省遵义市红花岗区,电信
30256896,30259199,贵州省遵义市,电信
30259200,30259455,贵州省遵义市遵义县,电信
30259456,30259967,贵州省遵义市,电信
30259968,30260223,贵州省遵义市红花岗区,电信
30260224,30260991,贵州省遵义市,电信
30260992,30261247,贵州省遵义市红花岗区,电信
30261248,30264319,贵州省毕节地区,电信
30264320,30264575,贵州省毕节地区大方县,电信
30264576,30264831,贵州省毕节地区,电信
30264832,30265087,贵州省毕节地区大方县,电信
30265088,30269439,贵州省毕节地区,电信
30269440,30270207,贵州省毕节地区纳雍县,电信
30270208,30271999,贵州省毕节地区,电信
30272000,30272255,贵州省毕节地区大方县,电信
30272256,30274047,贵州省毕节地区,电信
30274048,30274559,贵州省毕节地区威宁县,电信
30274560,30277631,贵州省毕节地区,电信
30277632,30278143,贵州省六盘水市,电信
30278144,30278399,贵州省六盘水市水城县,电信
30278400,30280191,贵州省六盘水市,电信
30280192,30280447,贵州省六盘水市水城县,电信
30280448,30285311,贵州省六盘水市,电信
30285312,30285567,贵州省六盘水市水城县,电信
30285568,30294015,贵州省六盘水市,电信
30294016,30295807,贵州省黔西南州,电信
30295808,30302207,贵州省黔西南州兴义市,电信
30302208,30305791,贵州省黔西南州,电信
30305792,30306047,贵州省黔西南州兴义市,电信
30306048,30310399,贵州省黔西南州,电信
30310400,30311423,贵州省六盘水市,电信
30311424,30311679,贵州省黔南州瓮安县,电信
30311680,30318847,贵州省黔南州,电信
30318848,30319103,贵州省黔南州贵定县,电信
30319104,30322175,贵州省黔南州,电信